Company,Owner,Phone,Email,State,City,Category,Google Rating,Reviews
Lone Star Roofing,Dana Reyes,(512) 555-2001,dana@lonestar.test,TX,Austin,Roofers,4.7,132
Peak Roofing Co,,303-555-2002,,CO,Denver,Roofers,4.5,88
Bayview Roofing,,408.555.2003,,CA,San Jose,Roofers,4.2,41
Hudson Valley Roofing,,518 555 2004,,NY,Albany,Roofers,4.8,207
Aloha Roof Pros,,(808) 555-2005,,HI,Honolulu,Roofers,4.6,59
Gulf Coast Roofing,,(813) 555-2007,,FL,Tampa,Roofers,4.1,33
Windy City Roofers,,(312) 555-2008,,IL,Chicago,Roofers,4.4,76
Music City Roofing,,(615) 555-2009,,TN,Nashville,Roofers,4.3,64
Lone Star Roofing LLC,,(512) 555-2099,,TX,Austin,Roofers,4.0,10
Different Name Same Phone,,(303) 555-2002,,CO,Denver,Roofers,3.9,5
Bad Number Roofing,,12345,,NY,Albany,Roofers,3.0,2
,,(212) 555-2006,,NY,New York,Roofers,3.0,2
